{
  "playableFaction":true,
  "corvusCompatible":true,
  "showIntelEvenIfDead":true,

  "rebelFleetSuffix":"Traitors",

  "marketSpawnWeight":0.5,

    "startRelationships":{
        "pirates": -1.0
    },


    "maxRelationships":{
        "pirates": -1.0,
        "new_galactic_order": -1.0
    },

	"factionsLiked":[
    		"keruvim",
    		"persean_league"],
    "factionsDisliked":[
    		"luddic_path",
    		"pirates",
    		"tritachyon",
    		"hegemony",
    		"tritachyon",
    		"luddic_church",
                "new_galactic_order"],

  "diplomacyTraits":["envious", "paranoid", "selfrighteous", "lowprofile", "devious"],
  "morality":"good",
  "alignments":{
    "technocratic":1,
    "militarist":1,
    "ideological":1,
  },


  "miningVariantsOrWings":[],

  "colonyExpeditionChance":2,	# baseline expansion behaviour
  "colonyTargetValuator":"exerelin.campaign.colony.IndustrialColonyTargetValuator",


  "startShipsSolo":[
    ["anvil_omen_ex_exalted"],
    ["anvil_witch_exalted"],
  ],
  "startShipsCombatSmall":[
    "anvil_vampire_exalted",
    "anvil_spirit_exalted",
    "anvil_witch_exalted"
  ],
  "startShipsTradeSmall":[
    "anvil_phylactery_exalted", "anvil_omen_ex_exalted"
  ],

  "startShipsTradeLarge":[
      "anvil_urn_exalted",  "anvil_phylactery_exalted", "anvil_omen_ex_exalted"
  ],
  "startShipsCombatLarge":[
    "anvil_wraith_exalted",
    "anvil_geist_exalted",
    "anvil_omen_ex_exalted",
    "anvil_witch_exalted"
  ],
  "startShipsCarrierSmall":[
    "anvil_apparition_exalted",
    "anvil_spirit_exalted",
    "anvil_omen_ex_exalted"
  ],

  "startShipsCarrierLarge":[
    "anvil_fantasma_exalted",
    "anvil_apparition_exalted",
    "anvil_spirit_exalted",
    "anvil_omen_ex_exalted"
  ],


  "startSpecialItems":[
    [["exalted_package", ""]],
  ],

  "defenceStations":[
    {"ids":["orbitalstation_high", "battlestation_high", "starfortress_high"]},
  ],

  "industrySeeds":[
    {"id":"orbitalworks", "mult":1},
  ],
}