bounty_id,level,rank,firstName,lastName,captainPersonality,fleetName,flagshipName,gender,faction,portrait,greetingText,suppressIntel,postedByFaction,creditReward,repReward,intelText,flagshipVariantId,fleetVariantIds,minimumFleetFP,playerFPScalingFactor,chanceToAutoRecover,specialItemRewards,neverSpawnUnlessBountiesCompleted,neverSpawnWhenFactionHostile,neverSpawnWhenFactionNonHostile,neverSpawnBeforeCycle,neverSpawnBeforeLevel,neverSpawnBeforeFleetPoints
anvil_odyssey_ex_exalted,20,factionLeader,Helig,Mirro,aggressive,Exalted High Command,False God,MALE,exalted,graphics/portraits/anvil_helig.png,"well i must say i was not expecting visitors out here, you're the one who has been killing my people yes? i suppose it is fortunate that i ran into you out here, my life is coming to an end you see, and it would be nice to avenge the countless lives you've taken before i die. prepare yourself captain, only one of us will leave this battle alive",FALSE,tritachyon,1000000,45,"Admiral Helig Mirro, Supreme Leader of the Exalted, has been spotted in the outskirts of the Core, it is unknown what he is doing but tri-tachyon is not one to look a gift horse in the mouth, this is their chance to deal with this thorn in their side once and for all. tri-tach is offering a massive sum of credits to anyone who can strike him down, and will consider anyone who does a close associate",anvil_odyssey_ex_exalted,"anvil_wendigo_exalted, anvil_wendigo_exalted, anvil_fantasma_exalted, anvil_fantasma_exalted, anvil_lich_exalted, anvil_lich_exalted, anvil_lich_exalted, anvil_lich_exalted, anvil_apparition_exalted, anvil_apparition_exalted, anvil_vampire_exalted, anvil_geist_exalted, anvil_geist_exalted, anvil_geist_exalted, anvil_geist_exalted, anvil_geist_exalted, anvil_geist_exalted, anvil_witch_exalted, anvil_witch_exalted, anvil_witch_exalted, anvil_witch_exalted, anvil_wolf_ex_exalted, anvil_wolf_ex_exalted, anvil_wolf_ex_exalted, anvil_omen_ex_exalted, anvil_spirit_exalted, anvil_spirit_exalted, anvil_spirit_exalted,",100,1,1,,,FALSE,TRUE,210,45,1
# NOTES,,,,,,,,,,,,,,,,,,,,,,,,,,,,
# bounty_id : line ID. Must be unique across all mods. I recommend a prefix,,,,,,,,,,,,,,,,,,,,,,,,,,,,
# level : character level of bounty captain,,,,,,,,,,,,,,,,,,,,,,,,,,,,
# rank : must match a rank ID in Ranks,,,,,,,,,,,,,,,,,,,,,,,,,,,,
# firstName : bounty captain's first name,,,,,,,,,,,,,,,,,,,,,,,,,,,,
# lastName : bounty captain's last name,,,,,,,,,,,,,,,,,,,,,,,,,,,,
# captainPersonality : must match a value from Personalities,,,,,,,,,,,,,,,,,,,,,,,,,,,,
# fleetName : full name of bounty fleet,,,,,,,,,,,,,,,,,,,,,,,,,,,,
# flagshipName : name of flagship. Needs to include prefix as it won't have it otherwise,,,,,,,,,,,,,,,,,,,,,,,,,,,,
# gender : must match a gender enum in FullName,,,,,,,,,,,,,,,,,,,,,,,,,,,,
# faction : faction id for bounty fleet and captain,,,,,,,,,,,,,,,,,,,,,,,,,,,,
# portrait : filepath for bounty portrait. Must be loaded by the game,,,,,,,,,,,,,,,,,,,,,,,,,,,,
# greetingText : full text that displays if/when you open comms with bounty fleet,,,,,,,,,,,,,,,,,,,,,,,,,,,,
# suppressIntel : if TRUE do not show intel event when bounty spawns,,,,,,,,,,,,,,,,,,,,,,,,,,,,
# postedByFaction : faction shown in intel panel as issuer of bounty. Also faction which rep reward applies to,,,,,,,,,,,,,,,,,,,,,,,,,,,,
# creditReward : credits paid out for bounty,,,,,,,,,,,,,,,,,,,,,,,,,,,,
# repReward : reputation points with issuing faction paid out for bounty on a 100 point scale,,,,,,,,,,,,,,,,,,,,,,,,,,,,
# intelText : text what goes in the intel panel,,,,,,,,,,,,,,,,,,,,,,,,,,,,
# flagshipVariant : variant ID of bounty flagship. Will NOT use autofit,,,,,,,,,,,,,,,,,,,,,,,,,,,,
# fleetVariants : comma seperated list of variant ids for rest of bounty fleet. Will NOT use autofit,,,,,,,,,,,,,,,,,,,,,,,,,,,,
# minimumFleetFP : random faction ships will be added to fleet until its FP passes this number.,,,,,,,,,,,,,,,,,,,,,,,,,,,,
# playerFPScalingFactor : random faction ships will be added to fleet until its FP passes the player fleet FP multiplied by this number.,,,,,,,,,,,,,,,,,,,,,,,,,,,,
# chanceToAutoRecover : fractional chance to automatically recover with maximum D-mods. Does NOT affect standard recovery chance. Optional: default 1 aka 100%,,,,,,,,,,,,,,,,,,,,,,,,,,,,
# specialItemsList : comma seperated list of special item ids dropped by fleet.,,,,,,,,,,,,,,,,,,,,,,,,,,,,
# neverSpawnUnlessBountiesCompleted : comma seperated list of unique bounty IDs required to be in 'spent bounties' list before bounty will spawn. Will account for bounties which have been manually deactivated via script as well as those are 'spent' to remove them.,,,,,,,,,,,,,,,,,,,,,,,,,,,,
# neverSpawnWhenFactionHostile : if TRUE never spawn when player is hostile to issuing faction,,,,,,,,,,,,,,,,,,,,,,,,,,,,
# neverSpawnWhenFactionNonHostile: if TRUE never spawn when player is friendly or neutral to target faction,,,,,,,,,,,,,,,,,,,,,,,,,,,,
# neverSpawnBeforeCycle : if over 206 never spawn before said cycle,,,,,,,,,,,,,,,,,,,,,,,,,,,,
# neverSpawnBeforeLevel : if over 1 never spawn when player is below said character level,,,,,,,,,,,,,,,,,,,,,,,,,,,,
# neverSpawnBeforeFleetPoints : if over 1 never spawn when player fleet is less than said fleet points,,,,,,,,,,,,,,,,,,,,,,,,,,,,
