{

"combatSmall":{
		"anvil_spirit_exalted":10,
		"anvil_omen_ex_exalted":10,
		"anvil_witch_exalted":10,
		"anvil_eerie_exalted":10,
		"anvil_eerie_standard":10,
	},


"tankerSmall":{
		"anvil_phylactery_c_exalted":5,
	},

"freighterSmall":{
		"anvil_phylactery_exalted":10,
	},


"carrierSmall":{
		"anvil_apparition_exalted":10,
		"anvil_apparition_assault":10,
	},

"combatMedium":{
		"anvil_vampire_exalted":10,
		"anvil_cielo_exalted":10,
		"anvil_shrike_ex_exalted":10,
		"anvil_geist_exalted":10,
		"anvil_geist_support":10,
	},


"freighterMedium":{
		"anvil_urn_exalted":10,
		"anvil_phylactery_exalted":10,
	},


	"carrierMedium":{
		"anvil_fantasma_exalted":10,
		"anvil_fantasma_strike":10,

	},


"combatLarge":{
		"anvil_wraith_exalted":10,
		"anvil_wraith_support":10,
		"anvil_lich_exalted":10,

	},

"freighterLarge":{
		"anvil_urn_exalted":10,
	},


"combatCapital":{
		"anvil_wendigo_exalted":10,
		"anvil_nightmare_exalted":10,
		"anvil_nightmare_strike":10,
	},
	"linerSmall":{
		"anvil_phylactery_b_exalted":10,
	},

	"linerMedium":{
		"anvil_phylactery_b_exalted":10,
	},

	"linerLarge":{
		"anvil_phylactery_b_exalted":10,
	},

	"personnelSmall":{
		"anvil_phylactery_b_exalted":10,
	},

	"personnelMedium":{
		"anvil_phylactery_b_exalted":10,
	},
	"personnelLarge":{
		"anvil_phylactery_b_exalted":10,
	},	

 }